2026-04-05,00:00:00,7
2026-04-05,00:00:00,11
2026-04-05,00:00:00,5
2026-04-05,00:00:00,5
2026-04-05,00:00:00,7
2026-04-05,00:00:00,9
2026-04-05,00:00:00,7
2026-04-05,00:00:00,14
2026-04-05,00:00:00,1
2026-04-05,00:00:00,3
2026-04-05,00:00:00,5
2026-04-05,00:00:00,6
2026-04-05,00:00:00,8
2026-04-05,00:00:00,2
2026-04-05,00:00:00,5
2026-04-05,00:00:00,9
2026-04-05,00:00:00,3
2026-04-05,00:00:00,5
2026-04-05,00:00:00,4
2026-04-05,00:00:00,4
2026-04-05,00:00:00,5
2026-04-05,00:00:00,2
2026-04-05,00:00:00,9
2026-04-05,00:00:00,10
2026-04-05,00:00:00,5
2026-04-05,00:00:00,15
2026-04-05,00:00:00,7
2026-04-05,00:00:00,6
2026-04-05,00:00:00,15
2026-04-05,00:00:00,4
2026-04-05,00:00:00,9
2026-04-05,00:00:00,7
2026-04-05,00:00:00,9
2026-04-05,00:00:00,11
2026-04-05,00:00:00,3
2026-04-05,00:00:00,7
2026-04-05,00:00:00,13
2026-04-05,00:00:00,7
2026-04-05,00:00:00,9
2026-04-05,00:00:00,6
2026-04-05,00:00:00,7
2026-04-05,00:00:00,13
2026-04-05,00:00:00,9
2026-04-05,00:00:00,4
2026-04-05,00:00:00,18
2026-04-05,00:00:00,10
2026-04-05,00:00:00,5
2026-04-05,00:00:00,8
2026-04-05,00:00:00,12
2026-04-05,00:00:00,11
2026-04-05,00:00:00,4
2026-04-05,00:00:00,7
2026-04-05,00:00:00,10
2026-04-05,00:00:00,7
2026-04-05,00:00:00,4
2026-04-05,00:00:00,3
2026-04-05,00:00:00,13
2026-04-05,00:00:00,7
2026-04-05,00:00:00,3
2026-04-05,00:00:00,9
2026-04-05,00:00:00,5
2026-04-05,00:00:00,5
2026-04-05,00:00:00,7
2026-04-05,00:00:00,12
2026-04-05,00:00:00,10
2026-04-05,00:00:00,9
2026-04-05,00:00:00,3
2026-04-05,00:00:00,8
2026-04-05,00:00:00,15
2026-04-05,00:00:00,11
2026-04-05,00:00:00,7
2026-04-05,00:00:00,5
2026-04-05,00:00:00,10
2026-04-05,00:00:00,5
2026-04-05,00:00:00,3
2026-04-05,00:00:00,7
2026-04-05,00:00:00,8
2026-04-05,00:00:00,3
2026-04-05,00:00:00,5
2026-04-05,00:00:00,3
2026-04-05,00:00:00,12
2026-04-05,00:00:00,12
2026-04-05,00:00:00,25
2026-04-05,00:00:00,11
2026-04-05,00:00:00,19
2026-04-05,00:00:00,8
2026-04-05,00:00:00,6
2026-04-05,00:00:00,10
2026-04-05,00:00:00,7
2026-04-05,00:00:00,6
2026-04-05,00:00:00,7
2026-04-05,00:00:00,7
2026-04-05,00:00:00,11
2026-04-05,00:00:00,7
2026-04-05,00:00:00,9
2026-04-05,00:00:00,9
2026-04-05,00:00:00,3
2026-04-05,00:00:00,9
2026-04-05,00:00:00,7
2026-04-05,00:00:00,5
2026-04-05,00:00:00,10
2026-04-05,00:00:00,17
2026-04-05,00:00:00,2
2026-04-05,00:00:00,2
2026-04-05,00:00:00,9
2026-04-05,00:00:00,7
2026-04-05,00:00:00,17
2026-04-05,00:00:00,6
2026-04-05,00:00:00,6
2026-04-05,00:00:00,3
2026-04-05,00:00:00,13
2026-04-05,00:00:00,11
2026-04-05,00:00:00,9
2026-04-05,00:00:00,10
2026-04-05,00:00:00,13
2026-04-05,00:00:00,10
2026-04-05,00:00:00,8
2026-04-05,00:00:00,15
2026-04-05,00:00:00,17
2026-04-05,00:00:00,10
2026-04-05,00:00:00,11
2026-04-05,00:00:00,10
2026-04-05,00:00:00,7
2026-04-05,00:00:00,9
2026-04-05,00:00:00,9
2026-04-05,00:00:00,10
2026-04-05,00:00:00,5
2026-04-05,00:00:00,9
2026-04-05,00:00:00,7
2026-04-05,00:00:00,7
2026-04-05,00:00:00,4
2026-04-05,00:00:00,7
2026-04-05,00:00:00,4
2026-04-05,00:00:00,3
2026-04-05,00:00:00,12
2026-04-05,00:00:00,5
2026-04-05,00:00:00,11
2026-04-05,00:00:00,13
2026-04-05,00:00:00,14
2026-04-05,00:00:00,4
2026-04-05,00:00:00,10
2026-04-05,00:00:00,7
2026-04-05,00:00:00,3
2026-04-05,00:00:00,8
2026-04-05,00:00:00,9
2026-04-05,00:00:00,6
2026-04-05,00:00:00,6
2026-04-05,00:00:00,6
2026-04-05,00:00:00,9
2026-04-05,00:00:00,15
2026-04-05,00:00:00,5
2026-04-05,00:00:00,10
2026-04-05,00:00:00,11
2026-04-05,00:00:00,6
2026-04-05,00:00:00,9
2026-04-05,00:00:00,7
2026-04-05,00:00:00,7
2026-04-05,00:00:00,3
2026-04-05,00:00:00,5
2026-04-05,00:00:00,5
2026-04-05,00:00:00,5
2026-04-05,00:00:00,5
2026-04-05,00:00:00,7
2026-04-05,00:00:00,8
2026-04-05,00:00:00,6
2026-04-05,00:00:00,8
2026-04-05,00:00:00,8
2026-04-05,00:00:00,6
2026-04-05,00:00:00,5
2026-04-05,00:00:00,17
2026-04-05,00:00:00,12
2026-04-05,00:00:00,9
2026-04-05,00:00:00,7
2026-04-05,00:00:00,3
2026-04-05,00:00:00,8
2026-04-05,00:00:00,9
2026-04-05,00:00:00,6
2026-04-05,00:00:00,5
2026-04-05,00:00:00,13
2026-04-05,00:00:00,12
2026-04-05,00:00:00,6
2026-04-05,00:00:00,5
2026-04-05,00:00:00,8
2026-04-05,00:00:00,8
2026-04-05,00:00:00,13
2026-04-05,00:00:00,10
2026-04-05,00:00:00,13
2026-04-05,00:00:00,10
2026-04-05,00:00:00,21
2026-04-05,00:00:00,7
2026-04-05,00:00:00,5
2026-04-05,00:00:00,9
2026-04-05,00:00:00,5
2026-04-05,00:00:00,6
2026-04-05,00:00:00,9
2026-04-05,00:00:00,14
2026-04-05,00:00:00,2
2026-04-05,00:00:00,5
2026-04-05,00:00:00,10
2026-04-05,00:00:00,9
2026-04-05,00:00:00,21
2026-04-05,00:00:00,9
2026-04-05,00:00:00,4
2026-04-05,00:00:00,8
2026-04-05,00:00:00,8
2026-04-05,00:00:00,12
2026-04-05,00:00:00,6
2026-04-05,00:00:00,10
2026-04-05,00:00:00,8
2026-04-05,00:00:00,13
2026-04-05,00:00:00,14
2026-04-05,00:00:00,6
2026-04-05,00:00:00,17
2026-04-05,00:00:00,4
2026-04-05,00:00:00,12
2026-04-05,00:00:00,7
2026-04-05,00:00:00,8
2026-04-05,00:00:00,13
2026-04-05,00:00:00,7
2026-04-05,00:00:00,11
2026-04-05,00:00:00,5
2026-04-05,00:00:00,8
2026-04-05,00:00:00,9
2026-04-05,00:00:00,8
2026-04-05,00:00:00,4
2026-04-05,00:00:00,4
2026-04-05,00:00:00,4
2026-04-05,00:00:00,5
2026-04-05,00:00:00,9
2026-04-05,00:00:00,11
2026-04-05,00:00:00,6
2026-04-05,00:00:00,9
2026-04-05,00:00:00,5
2026-04-05,00:00:00,12
2026-04-05,00:00:00,10
2026-04-05,00:00:00,6
2026-04-05,00:00:00,7
2026-04-05,00:00:00,4
2026-04-05,00:00:00,14
2026-04-05,00:00:00,15
2026-04-05,00:00:00,3
2026-04-05,00:00:00,16
2026-04-05,00:00:00,8
2026-04-05,00:00:00,6
2026-04-05,00:00:00,6
2026-04-05,00:00:00,9
2026-04-05,00:00:00,10
2026-04-05,00:00:00,5
2026-04-05,00:00:00,15
2026-04-05,00:00:00,4
2026-04-05,00:00:00,7
2026-04-05,00:00:00,9
2026-04-05,00:00:00,10
2026-04-05,00:00:00,5
2026-04-05,00:00:00,13
2026-04-05,00:00:00,7
2026-04-05,00:00:00,5
2026-04-05,00:00:00,7
2026-04-05,00:00:00,14
2026-04-05,00:00:00,15
2026-04-05,00:00:00,7
2026-04-05,00:00:00,13
2026-04-05,00:00:00,12
2026-04-05,00:00:00,6
2026-04-05,00:00:00,5
2026-04-05,00:00:00,7
2026-04-05,00:00:00,9
2026-04-05,00:00:00,7
2026-04-05,00:00:00,15
2026-04-05,00:00:00,16
2026-04-05,00:00:00,10
2026-04-05,00:00:00,5
2026-04-05,00:00:00,21
2026-04-05,00:00:00,12
2026-04-05,00:00:00,11
2026-04-05,00:00:00,9
2026-04-05,00:00:00,14
2026-04-05,00:00:00,13
2026-04-05,00:00:00,30
2026-04-05,00:00:00,19
2026-04-05,00:00:00,8
2026-04-05,00:00:00,5
2026-04-05,00:00:00,12
2026-04-05,00:00:00,6
2026-04-05,00:00:00,6
2026-04-05,00:00:00,4
2026-04-05,00:00:00,6
2026-04-05,00:00:00,11
2026-04-05,00:00:00,6
2026-04-05,00:00:00,5
2026-04-05,00:00:00,6
2026-04-05,00:00:00,10
2026-04-05,00:00:00,4
2026-04-05,00:00:00,10
2026-04-05,00:00:00,19
2026-04-05,00:00:00,11
2026-04-05,00:00:00,11
2026-04-05,00:00:00,16
2026-04-05,00:00:00,5
2026-04-05,00:00:00,8
2026-04-05,00:00:00,3
2026-04-05,00:00:00,11
2026-04-05,00:00:00,7
2026-04-05,00:00:00,14
2026-04-05,00:00:00,7
2026-04-05,00:00:00,15
2026-04-05,00:00:00,6
2026-04-05,00:00:00,10
2026-04-05,00:00:00,10
2026-04-05,00:00:00,10
2026-04-05,00:00:00,11
2026-04-05,00:00:00,10
2026-04-05,00:00:00,5
2026-04-05,00:00:00,6
2026-04-05,00:00:00,4
2026-04-05,00:00:00,13
2026-04-05,00:00:00,4
2026-04-05,00:00:00,5
2026-04-05,00:00:00,4
2026-04-05,00:00:00,7
2026-04-05,00:00:00,12
2026-04-05,00:00:00,7
2026-04-05,00:00:00,5
2026-04-05,00:00:00,10
2026-04-05,00:00:00,20
2026-04-05,00:00:00,11
2026-04-05,00:00:00,15
2026-04-05,00:00:00,12
2026-04-05,00:00:00,7
2026-04-05,00:00:00,10
2026-04-05,00:00:00,5
2026-04-05,00:00:00,6
2026-04-05,00:00:00,7
2026-04-05,00:00:00,6
2026-04-05,00:00:00,7
2026-04-05,00:00:00,11
2026-04-05,00:00:00,7
2026-04-05,00:00:00,6
2026-04-05,00:00:00,16
2026-04-05,00:00:00,4
2026-04-05,00:00:00,9
2026-04-05,00:00:00,11
2026-04-05,00:00:00,11
2026-04-05,00:00:00,12
2026-04-05,00:00:00,9
2026-04-05,00:00:00,11
2026-04-06,00:00:00,9
2026-04-06,00:00:00,5
2026-04-06,00:00:00,6
2026-04-06,00:00:00,7
2026-04-06,00:00:00,18
2026-04-06,00:00:00,9
2026-04-06,00:00:00,8
2026-04-06,00:00:00,8
2026-04-06,00:00:00,9
2026-04-06,00:00:00,14
2026-04-06,00:00:00,6
2026-04-06,00:00:00,11
2026-04-06,00:00:00,14
2026-04-06,00:00:00,10
2026-04-06,00:00:00,11
2026-04-06,00:00:00,5
2026-04-06,00:00:00,12
2026-04-06,00:00:00,10
2026-04-06,00:00:00,9
2026-04-06,00:00:00,9
2026-04-06,00:00:00,3
2026-04-06,00:00:00,8
2026-04-06,00:00:00,9
2026-04-06,00:00:00,13
2026-04-06,00:00:00,5
2026-04-06,00:00:00,11
2026-04-06,00:00:00,16
2026-04-06,00:00:00,8
2026-04-06,00:00:00,5
2026-04-06,00:00:00,9
2026-04-06,00:00:00,6
2026-04-06,00:00:00,7
2026-04-06,00:00:00,7
2026-04-06,00:00:00,5
2026-04-06,00:00:00,6
2026-04-06,00:00:00,5
2026-04-06,00:00:00,6
2026-04-06,00:00:00,7
2026-04-06,00:00:00,11
2026-04-06,00:00:00,7
2026-04-06,00:00:00,17
2026-04-06,00:00:00,9
2026-04-06,00:00:00,8
2026-04-06,00:00:00,6
2026-04-06,00:00:00,22
2026-04-06,00:00:00,11
2026-04-06,00:00:00,5
2026-04-06,00:00:00,18
2026-04-06,00:00:00,8
2026-04-06,00:00:00,15
2026-04-06,00:00:00,7
2026-04-06,00:00:00,8
2026-04-06,00:00:00,8
2026-04-06,00:00:00,5
2026-04-06,00:00:00,7
2026-04-06,00:00:00,6
2026-04-06,00:00:00,7
2026-04-06,00:00:00,8
2026-04-06,00:00:00,9
2026-04-06,00:00:00,4
2026-04-06,00:00:00,25
2026-04-06,00:00:00,6
2026-04-06,00:00:00,8
2026-04-06,00:00:00,7
2026-04-06,00:00:00,5
2026-04-06,00:00:00,13
2026-04-06,00:00:00,9
2026-04-06,00:00:00,4
2026-04-06,00:00:00,9
2026-04-06,00:00:00,10
2026-04-06,00:00:00,14
2026-04-06,00:00:00,16
2026-04-06,00:00:00,17
2026-04-06,00:00:00,12
2026-04-06,00:00:00,6
2026-04-06,00:00:00,7
2026-04-06,00:00:00,8
2026-04-06,00:00:00,13
2026-04-06,00:00:00,7
2026-04-06,00:00:00,17
2026-04-06,00:00:00,7
2026-04-06,00:00:00,9
2026-04-06,00:00:00,10
2026-04-06,00:00:00,5
2026-04-06,00:00:00,5
2026-04-06,00:00:00,9
2026-04-06,00:00:00,10
2026-04-06,00:00:00,5
2026-04-06,00:00:00,13
2026-04-06,00:00:00,17
2026-04-06,00:00:00,13
2026-04-06,00:00:00,20
2026-04-06,00:00:00,17
2026-04-06,00:00:00,4
2026-04-06,00:00:00,8
2026-04-06,00:00:00,6
2026-04-06,00:00:00,9
2026-04-06,00:00:00,11
2026-04-06,00:00:00,17
2026-04-06,00:00:00,15
2026-04-06,00:00:00,8
2026-04-06,00:00:00,11
2026-04-06,00:00:00,10
2026-04-06,00:00:00,6
2026-04-06,00:00:00,9
2026-04-06,00:00:00,11
2026-04-06,00:00:00,7
2026-04-06,00:00:00,10
2026-04-06,00:00:00,15
2026-04-06,00:00:00,15
2026-04-06,00:00:00,7
2026-04-06,00:00:00,5
2026-04-06,00:00:00,6
2026-04-06,00:00:00,7
2026-04-06,00:00:00,18
2026-04-06,00:00:00,9
2026-04-06,00:00:00,5
2026-04-06,00:00:00,5
2026-04-06,00:00:00,9
2026-04-06,00:00:00,10
2026-04-06,00:00:00,12
2026-04-06,00:00:00,8
2026-04-06,00:00:00,11
2026-04-06,00:00:00,8
2026-04-06,00:00:00,7
2026-04-06,00:00:00,23
2026-04-06,00:00:00,11
2026-04-06,00:00:00,20
2026-04-06,00:00:00,18
2026-04-06,00:00:00,14
2026-04-06,00:00:00,4
2026-04-06,00:00:00,9
2026-04-06,00:00:00,6
2026-04-06,00:00:00,7
2026-04-06,00:00:00,7
2026-04-06,00:00:00,5
2026-04-06,00:00:00,5
2026-04-06,00:00:00,8
2026-04-06,00:00:00,14
2026-04-06,00:00:00,4
2026-04-06,00:00:00,7
2026-04-06,00:00:00,10
2026-04-06,00:00:00,11
2026-04-06,00:00:00,12
2026-04-06,00:00:00,9
2026-04-06,00:00:00,4
2026-04-06,00:00:00,9
2026-04-06,00:00:00,10
2026-04-06,00:00:00,17
2026-04-06,00:00:00,5
2026-04-06,00:00:00,14
2026-04-06,00:00:00,7
2026-04-06,00:00:00,8
2026-04-06,00:00:00,10
2026-04-06,00:00:00,14
2026-04-06,00:00:00,23
2026-04-06,00:00:00,10
2026-04-06,00:00:00,27
2026-04-06,00:00:00,5
2026-04-06,00:00:00,11
2026-04-06,00:00:00,17
2026-04-06,00:00:00,13
2026-04-06,00:00:00,17
2026-04-06,00:00:00,5
2026-04-06,00:00:00,4
2026-04-06,00:00:00,11
2026-04-06,00:00:00,14
2026-04-06,00:00:00,15
2026-04-06,00:00:00,16
2026-04-06,00:00:00,9
2026-04-06,00:00:00,8
2026-04-06,00:00:00,13
2026-04-06,00:00:00,12
2026-04-06,00:00:00,5
2026-04-06,00:00:00,8
2026-04-06,00:00:00,18
2026-04-06,00:00:00,8
2026-04-06,00:00:00,10
2026-04-06,00:00:00,5
2026-04-06,00:00:00,16
2026-04-06,00:00:00,6
2026-04-06,00:00:00,9
2026-04-06,00:00:00,6
2026-04-06,00:00:00,26
2026-04-06,00:00:00,21
2026-04-06,00:00:00,7
2026-04-06,00:00:00,15
2026-04-06,00:00:00,8
2026-04-06,00:00:00,11
2026-04-07,00:00:00,12
2026-04-07,00:00:00,12
2026-04-07,00:00:00,10
2026-04-07,00:00:00,19
2026-04-07,00:00:00,6
2026-04-07,00:00:00,10
2026-04-07,00:00:00,7
2026-04-07,00:00:00,22
2026-04-07,00:00:00,21
2026-04-07,00:00:00,16
2026-04-07,00:00:00,11
2026-04-07,00:00:00,15
2026-04-07,00:00:00,12
2026-04-07,00:00:00,6
2026-04-07,00:00:00,10
2026-04-07,00:00:00,24
2026-04-07,00:00:00,5
2026-04-07,00:00:00,10
2026-04-07,00:00:00,5
2026-04-07,00:00:00,14
2026-04-07,00:00:00,12
2026-04-07,00:00:00,9
2026-04-07,00:00:00,6
2026-04-07,00:00:00,9
2026-04-07,00:00:00,9
2026-04-07,00:00:00,7
2026-04-07,00:00:00,5
2026-04-07,00:00:00,8
2026-04-07,00:00:00,6
2026-04-07,00:00:00,9
2026-04-07,00:00:00,12
2026-04-07,00:00:00,13
2026-04-07,00:00:00,4
2026-04-07,00:00:00,11
2026-04-07,00:00:00,15
2026-04-07,00:00:00,17
2026-04-07,00:00:00,23
2026-04-07,00:00:00,9
2026-04-07,00:00:00,5
2026-04-07,00:00:00,18
2026-04-07,00:00:00,25
2026-04-07,00:00:00,18
2026-04-07,00:00:00,9
2026-04-07,00:00:00,25
2026-04-07,00:00:00,16
2026-04-07,00:00:00,19
2026-04-07,00:00:00,12
2026-04-07,00:00:00,8
2026-04-07,00:00:00,8
2026-04-07,00:00:00,15
2026-04-07,00:00:00,20
2026-04-07,00:00:00,22
2026-04-07,00:00:00,29
2026-04-07,00:00:00,16
2026-04-07,00:00:00,8
2026-04-07,00:00:00,9
2026-04-07,00:00:00,4
2026-04-07,00:00:00,5
2026-04-07,00:00:00,8
2026-04-07,00:00:00,9
2026-04-07,00:00:00,18
2026-04-07,00:00:00,18
2026-04-07,00:00:00,19
2026-04-07,00:00:00,16
2026-04-07,00:00:00,10
2026-04-07,00:00:00,17
2026-04-07,00:00:00,8
2026-04-07,00:00:00,27
2026-04-07,00:00:00,13
2026-04-07,00:00:00,9
2026-04-07,00:00:00,9
2026-04-07,00:00:00,4
2026-04-07,00:00:00,12
2026-04-07,00:00:00,8
2026-04-07,00:00:00,17
2026-04-07,00:00:00,9
2026-04-07,00:00:00,19
2026-04-07,00:00:00,16
2026-04-07,00:00:00,13
2026-04-07,00:00:00,10
2026-04-07,00:00:00,5
2026-04-07,00:00:00,5
2026-04-07,00:00:00,37
2026-04-07,00:00:00,15
2026-04-07,00:00:00,8
2026-04-07,00:00:00,17
2026-04-07,00:00:00,5
2026-04-07,00:00:00,7
2026-04-07,00:00:00,15
2026-04-07,00:00:00,11
2026-04-07,00:00:00,10
2026-04-07,00:00:00,15
2026-04-07,00:00:00,6
2026-04-07,00:00:00,11
2026-04-07,00:00:00,7
2026-04-07,00:00:00,5
2026-04-07,00:00:00,12
2026-04-08,00:00:00,17
2026-04-08,00:00:00,8
2026-04-08,00:00:00,9
2026-04-08,00:00:00,6
2026-04-08,00:00:00,10
2026-04-08,00:00:00,22
2026-04-08,00:00:00,11
2026-04-08,00:00:00,5
2026-04-08,00:00:00,29
2026-04-08,00:00:00,6
2026-04-08,00:00:00,12
2026-04-08,00:00:00,13
2026-04-08,00:00:00,7
2026-04-08,00:00:00,7
2026-04-08,00:00:00,12
2026-04-08,00:00:00,12
2026-04-08,00:00:00,17
2026-04-08,00:00:00,20
2026-04-08,00:00:00,15
2026-04-08,00:00:00,7
2026-04-08,00:00:00,7
2026-04-08,00:00:00,11
2026-04-08,00:00:00,11
2026-04-08,00:00:00,8
2026-04-08,00:00:00,4
2026-04-08,00:00:00,14
2026-04-08,00:00:00,5
2026-04-08,00:00:00,21
2026-04-08,00:00:00,6
2026-04-08,00:00:00,7
2026-04-08,00:00:00,4
2026-04-08,00:00:00,4
2026-04-08,00:00:00,6
2026-04-08,00:00:00,4
2026-04-08,00:00:00,18
2026-04-08,00:00:00,8
2026-04-08,00:00:00,7
2026-04-08,00:00:00,19
2026-04-08,00:00:00,17
2026-04-08,00:00:00,5
2026-04-08,00:00:00,11
2026-04-08,00:00:00,13
2026-04-08,00:00:00,11
2026-04-08,00:00:00,13
2026-04-08,00:00:00,16
2026-04-08,00:00:00,5
2026-04-08,00:00:00,8
2026-04-08,00:00:00,17
2026-04-08,00:00:00,14
2026-04-08,00:00:00,26
2026-04-08,00:00:00,8
2026-04-08,00:00:00,26
2026-04-08,00:00:00,6
2026-04-08,00:00:00,10
2026-04-08,00:00:00,15
2026-04-08,00:00:00,29
2026-04-08,00:00:00,10
2026-04-08,00:00:00,5
2026-04-08,00:00:00,8
2026-04-08,00:00:00,5
2026-04-08,00:00:00,7
2026-04-08,00:00:00,13
2026-04-08,00:00:00,7
2026-04-08,00:00:00,11
2026-04-08,00:00:00,10
2026-04-08,00:00:00,25
2026-04-08,00:00:00,14
2026-04-08,00:00:00,10
2026-04-08,00:00:00,5
2026-04-08,00:00:00,8
2026-04-08,00:00:00,15
2026-04-08,00:00:00,8
2026-04-08,00:00:00,7
2026-04-08,00:00:00,7
2026-04-08,00:00:00,17
2026-04-08,00:00:00,10
2026-04-08,00:00:00,24
2026-04-08,00:00:00,10
2026-04-08,00:00:00,8
2026-04-08,00:00:00,9
2026-04-08,00:00:00,9
2026-04-08,00:00:00,22
2026-04-08,00:00:00,6
2026-04-08,00:00:00,4
2026-04-08,00:00:00,4
2026-04-08,00:00:00,6
2026-04-08,00:00:00,12
2026-04-08,00:00:00,6
2026-04-08,00:00:00,13
2026-04-08,00:00:00,5
2026-04-08,00:00:00,6
2026-04-08,00:00:00,9
2026-04-08,00:00:00,13
2026-04-08,00:00:00,11
2026-04-08,00:00:00,10
2026-04-08,00:00:00,11
2026-04-08,00:00:00,16
2026-04-08,00:00:00,8
2026-04-08,00:00:00,13
2026-04-08,00:00:00,7
2026-04-08,00:00:00,8
2026-04-08,00:00:00,14
2026-04-08,00:00:00,11
2026-04-08,00:00:00,15
2026-04-08,00:00:00,6
2026-04-08,00:00:00,7
2026-04-08,00:00:00,17
2026-04-08,00:00:00,7
2026-04-08,00:00:00,5
2026-04-08,00:00:00,10
2026-04-08,00:00:00,11
2026-04-08,00:00:00,15
2026-04-08,00:00:00,12
2026-04-09,00:00:00,6
2026-04-09,00:00:00,11
2026-04-09,00:00:00,15
2026-04-09,00:00:00,5
2026-04-09,00:00:00,8
2026-04-09,00:00:00,8
2026-04-09,00:00:00,14
2026-04-09,00:00:00,8
2026-04-09,00:00:00,10
2026-04-09,00:00:00,10
2026-04-09,00:00:00,23
2026-04-09,00:00:00,21
2026-04-09,00:00:00,10
2026-04-09,00:00:00,11
2026-04-09,00:00:00,6
2026-04-09,00:00:00,14
2026-04-09,00:00:00,8
2026-04-09,00:00:00,10
2026-04-09,00:00:00,7
2026-04-09,00:00:00,15
2026-04-09,00:00:00,5
2026-04-09,00:00:00,8
2026-04-09,00:00:00,18
2026-04-09,00:00:00,11
2026-04-09,00:00:00,14
2026-04-09,00:00:00,9
2026-04-09,00:00:00,24
2026-04-09,00:00:00,10
2026-04-09,00:00:00,15
2026-04-09,00:00:00,9
2026-04-09,00:00:00,8
2026-04-09,00:00:00,6
2026-04-09,00:00:00,7
2026-04-09,00:00:00,10
2026-04-09,00:00:00,9
2026-04-09,00:00:00,10
2026-04-09,00:00:00,7
2026-04-09,00:00:00,11
2026-04-09,00:00:00,6
2026-04-09,00:00:00,4
2026-04-09,00:00:00,13
2026-04-09,00:00:00,7
2026-04-09,00:00:00,6
2026-04-09,00:00:00,11
2026-04-09,00:00:00,17
2026-04-09,00:00:00,9
2026-04-09,00:00:00,8
2026-04-09,00:00:00,17
2026-04-09,00:00:00,17
2026-04-09,00:00:00,10
2026-04-09,00:00:00,30
2026-04-09,00:00:00,9
2026-04-09,00:00:00,8
2026-04-09,00:00:00,24
2026-04-09,00:00:00,16
2026-04-09,00:00:00,8
2026-04-09,00:00:00,17
2026-04-09,00:00:00,10
2026-04-09,00:00:00,25
2026-04-09,00:00:00,22
2026-04-09,00:00:00,10
2026-04-09,00:00:00,6
2026-04-09,00:00:00,8
2026-04-09,20:04:31,13
2026-04-09,20:05:09,40
2026-04-09,20:08:27,14
2026-04-09,20:09:49,5
2026-04-09,20:10:03,12
2026-04-09,20:11:18,9
2026-04-09,20:11:43,7
2026-04-09,20:11:46,35
2026-04-09,20:11:59,7
2026-04-09,20:12:18,12
2026-04-09,20:12:35,19
2026-04-09,20:13:17,7
2026-04-09,20:13:18,17
2026-04-09,20:13:36,28
2026-04-09,20:13:51,12
2026-04-09,20:14:10,26
2026-04-09,20:14:22,5
2026-04-09,20:14:41,13
2026-04-09,20:14:51,12
2026-04-09,20:15:12,16
2026-04-09,20:15:23,7
2026-04-09,20:15:37,6
2026-04-09,20:15:39,8
2026-04-09,20:15:52,15
2026-04-09,20:22:42,29
2026-04-09,20:30:15,6
2026-04-09,20:30:17,9
2026-04-09,20:30:18,13
2026-04-09,20:30:47,11
2026-04-09,20:30:48,12
2026-04-09,20:34:24,20
2026-04-09,21:50:55,13
2026-04-09,22:35:40,17
2026-04-09,22:35:44,6
2026-04-09,22:35:46,21
2026-04-09,22:36:20,10
2026-04-09,22:36:30,7
2026-04-09,22:36:51,20
2026-04-09,22:38:11,43
2026-04-09,22:40:07,9
2026-04-09,22:40:22,15
2026-04-09,22:41:41,17
2026-04-09,22:42:54,6
2026-04-09,22:43:14,6
2026-04-09,22:45:41,9
2026-04-09,22:46:04,10
2026-04-09,22:46:17,12
2026-04-09,22:46:44,6
2026-04-09,22:46:46,24
2026-04-09,22:47:04,13
2026-04-09,22:47:18,12
2026-04-09,22:47:39,5
2026-04-09,22:47:40,22
2026-04-09,22:47:55,11
2026-04-09,22:48:25,15
2026-04-09,22:54:36,9
2026-04-09,22:56:39,9
2026-04-09,22:56:58,15
2026-04-09,22:57:11,15
2026-04-09,22:57:49,8
2026-04-09,22:58:19,23
2026-04-09,22:59:16,19
2026-04-09,22:59:36,7
2026-04-09,22:59:37,11
2026-04-09,23:00:42,8
2026-04-09,23:00:44,10
2026-04-09,23:01:02,15
2026-04-09,23:01:13,9
2026-04-09,23:01:22,8
2026-04-09,23:01:39,5
2026-04-09,23:01:40,9
2026-04-09,23:01:59,23
2026-04-09,23:02:43,47
2026-04-09,23:03:29,15
2026-04-09,23:03:43,16
2026-04-09,23:03:54,9
2026-04-09,23:04:03,11
2026-04-09,23:04:17,19
2026-04-09,23:04:28,11
2026-04-09,23:04:41,16
2026-04-09,23:04:50,12
2026-04-09,23:05:04,20
2026-04-09,23:05:22,9
2026-04-09,23:05:49,9
2026-04-09,23:05:51,7
2026-04-09,23:05:52,6
2026-04-10,00:12:10,6
2026-04-10,00:12:12,5
2026-04-10,00:12:15,9
2026-04-10,00:12:37,9
2026-04-10,00:12:50,17
2026-04-10,00:13:00,10
2026-04-10,00:13:18,11
2026-04-10,00:13:34,18
2026-04-10,00:13:55,24
2026-04-10,00:14:12,23
2026-04-10,00:14:36,5
2026-04-10,00:14:37,11
2026-04-10,00:15:03,5
2026-04-10,00:15:05,16
2026-04-10,00:15:19,15
2026-04-10,00:15:38,12
2026-04-10,00:15:58,7
2026-04-10,00:15:59,21
2026-04-10,00:16:10,12
2026-04-10,00:16:26,12
2026-04-10,00:16:27,9
2026-04-10,00:16:46,12
2026-04-10,00:17:00,9
2026-04-10,00:17:09,8
2026-04-10,00:17:23,10
2026-04-10,00:17:35,14
2026-04-10,00:17:50,17
2026-04-10,00:18:08,5
2026-04-10,00:18:09,14
2026-04-10,00:18:26,21
2026-04-10,00:18:40,16
2026-04-10,00:19:00,24
2026-04-10,00:19:17,17
2026-04-10,00:19:37,23
2026-04-10,00:19:49,8
2026-04-10,00:20:07,11
2026-04-10,00:20:29,24
2026-04-10,00:20:40,13
2026-04-10,00:20:53,14
2026-04-10,00:21:08,7
2026-04-10,00:21:09,10
2026-04-10,00:21:29,9
2026-04-10,00:21:30,7
2026-04-10,00:22:03,5
2026-04-10,00:22:04,5
2026-04-10,00:22:04,5
2026-04-10,00:22:05,15
2026-04-10,00:23:39,8
2026-04-10,23:04:51,11
2026-04-10,23:05:02,5
2026-04-10,23:05:26,35
2026-04-10,23:05:44,10
2026-04-10,23:05:55,10
2026-04-10,23:06:11,21
2026-04-10,23:14:03,25
2026-04-10,23:14:18,16
2026-04-11,00:05:24,13
2026-04-11,00:05:42,26
2026-04-11,00:06:05,20
2026-04-11,00:06:25,12
2026-04-11,00:07:27,14
2026-04-11,00:07:37,11
2026-04-11,00:07:47,7
2026-04-11,00:07:59,14
2026-04-11,00:08:11,11
2026-04-11,00:08:23,16
2026-04-11,00:08:34,5
2026-04-11,00:08:45,14
2026-04-11,00:09:01,28
2026-04-11,00:11:11,11
2026-04-11,00:11:27,14
2026-04-11,00:11:56,37
2026-04-11,00:13:02,14
2026-04-11,00:13:30,26
2026-04-11,00:13:47,8
2026-04-11,00:14:05,12
2026-04-11,00:14:21,14
2026-04-11,00:14:35,16
2026-04-11,00:14:52,16
2026-04-11,00:44:22,13
2026-04-11,00:44:24,21
2026-04-11,00:44:36,8
2026-04-11,00:44:59,28
2026-04-11,00:48:28,13
2026-04-11,00:48:45,17
2026-04-11,00:49:06,17
2026-04-11,00:49:25,25
2026-04-11,00:50:34,28
2026-04-11,00:50:53,5
2026-04-11,00:51:10,23
2026-04-11,00:52:22,22
2026-04-11,00:55:12,8
2026-04-11,00:55:29,22
2026-04-11,00:55:45,11
2026-04-11,00:55:57,10
2026-04-11,00:56:24,7
2026-04-11,00:56:40,22
2026-04-11,00:56:54,8
2026-04-11,00:56:55,14
2026-04-11,00:57:10,12
2026-04-11,00:57:22,11
2026-04-11,00:57:31,8
2026-04-11,00:57:45,15
2026-04-11,00:58:02,11
2026-04-11,00:58:14,9
2026-04-11,00:58:29,22
2026-04-11,00:58:43,17
2026-04-11,00:58:53,6
2026-04-11,00:59:06,13
2026-04-11,00:59:15,5
2026-04-11,00:59:32,6
2026-04-11,00:59:33,8
2026-04-11,00:59:45,14
2026-04-11,00:59:56,12
2026-04-11,01:00:10,10
2026-04-11,01:00:24,7
2026-04-11,01:00:43,13
2026-04-11,01:01:00,6
2026-04-11,01:01:01,8
2026-04-11,01:01:15,20
2026-04-11,01:03:36,20
2026-04-11,01:04:07,5
2026-04-11,01:04:09,25
2026-04-11,01:07:29,9
2026-04-11,01:07:30,12
2026-04-11,01:08:00,18
2026-04-11,01:08:01,26
2026-04-11,01:09:09,40
2026-04-11,01:13:05,12
2026-04-11,01:13:06,16
2026-04-11,01:13:24,21
2026-04-11,01:13:46,7
2026-04-11,01:14:08,13
2026-04-11,01:14:28,7
2026-04-11,01:14:28,7
2026-04-11,01:14:39,11
2026-04-11,02:10:08,12
2026-04-11,02:50:10,9
2026-04-11,02:50:57,17
2026-04-11,02:56:43,20
2026-04-11,03:05:44,13
2026-04-11,03:05:59,15
2026-04-11,03:06:13,16
2026-04-11,03:06:27,9
2026-04-11,03:06:50,8
2026-04-11,03:06:51,21
2026-04-11,03:07:08,23
2026-04-11,03:07:21,9
2026-04-11,03:07:48,37
2026-04-11,03:18:12,19
2026-04-11,03:18:34,6
2026-04-11,03:18:35,16
2026-04-11,03:19:04,36
2026-04-11,03:19:30,40
2026-04-11,03:19:48,11
2026-04-11,04:33:55,10
2026-04-11,05:03:10,28
2026-04-11,05:03:28,15
2026-04-11,05:03:42,13
2026-04-11,05:04:51,7
2026-04-11,05:04:52,5
2026-04-11,05:05:04,7
2026-04-11,05:05:16,5
2026-04-11,05:05:19,10
2026-04-11,05:06:24,15
2026-04-11,05:06:47,8
2026-04-11,05:06:56,5
2026-04-11,05:07:08,10
2026-04-11,05:07:16,6
2026-04-11,05:07:31,8
2026-04-11,05:07:44,16
2026-04-11,05:08:18,20
2026-04-11,05:08:55,38
2026-04-11,05:09:13,6
2026-04-11,05:09:35,30
2026-04-11,05:09:57,19
2026-04-11,05:25:03,5
2026-04-11,05:25:03,6
2026-04-11,05:25:10,28
2026-04-11,05:27:08,5
2026-04-11,05:27:09,13
2026-04-11,05:27:20,11
2026-04-11,05:27:32,13
2026-04-11,05:27:42,7
2026-04-11,05:28:04,8
2026-04-11,05:28:06,13
2026-04-11,05:28:23,17
2026-04-11,05:28:44,24
2026-04-11,05:43:03,17
2026-04-11,05:43:32,47
2026-04-11,05:50:02,6
2026-04-11,05:50:04,19
2026-04-11,12:19:48,14
2026-04-11,12:20:04,8
2026-04-11,12:20:15,11
2026-04-11,12:20:27,9
2026-04-11,12:20:37,5
2026-04-11,12:20:53,5
2026-04-11,12:20:55,7
2026-04-11,12:21:18,23
2026-04-11,13:34:05,6
2026-04-11,13:34:07,12
2026-04-11,13:34:09,33
2026-04-11,13:34:25,20
2026-04-11,13:34:39,7
2026-04-11,13:34:56,19
2026-04-11,13:35:23,12
2026-04-11,13:35:38,20
2026-04-11,13:35:53,7
2026-04-11,13:36:15,19
2026-04-11,13:36:25,11
2026-04-11,13:36:39,11
2026-04-11,13:36:48,8
2026-04-11,13:37:06,24
2026-04-11,14:28:20,10
2026-04-11,14:28:38,14
2026-04-11,14:29:00,16
2026-04-11,14:29:22,27
2026-04-11,14:29:38,12
2026-04-11,14:29:51,14
2026-04-11,14:30:02,11
2026-04-11,14:30:28,29
2026-04-11,14:31:03,16
2026-04-11,14:31:33,12
2026-04-11,14:31:49,23
2026-04-11,14:32:01,16
2026-04-11,14:32:21,8
2026-04-11,14:32:38,5
2026-04-11,14:33:04,25
2026-04-11,14:33:17,10
2026-04-11,14:33:40,35
2026-04-11,14:58:49,6
2026-04-11,14:59:07,15
2026-04-11,14:59:17,10
2026-04-11,14:59:37,34
2026-04-11,14:59:48,5
2026-04-11,15:00:00,10
2026-04-11,15:00:16,20
2026-04-11,15:00:31,20
2026-04-11,15:00:39,6
2026-04-11,15:01:01,11
2026-04-11,15:01:13,9
2026-04-11,15:01:24,10
2026-04-11,15:01:43,26
2026-04-11,15:02:36,13
2026-04-11,15:03:00,31
2026-04-11,15:03:12,10
2026-04-11,15:03:23,10
2026-04-11,15:03:50,19
2026-04-11,15:03:58,8
2026-04-11,15:04:07,5
2026-04-11,15:05:01,14
2026-04-11,15:05:15,15
2026-04-11,15:05:23,12
2026-04-11,15:05:40,9
2026-04-11,15:06:00,27
2026-04-11,15:06:19,11
2026-04-11,15:06:35,14
2026-04-11,15:06:48,19
2026-04-11,15:07:11,9
2026-04-11,15:07:21,8
2026-04-11,15:07:45,29
2026-04-11,15:07:53,8
2026-04-11,15:08:03,13
2026-04-11,15:08:13,9
2026-04-11,15:08:28,21
2026-04-11,15:08:41,14
2026-04-11,15:08:54,11
2026-04-11,15:09:04,8
2026-04-11,15:09:22,11
2026-04-11,15:09:45,21
2026-04-11,15:10:06,34
2026-04-11,15:10:16,5
2026-04-11,15:10:42,19
2026-04-11,15:11:00,19
2026-04-11,15:11:13,20
2026-04-11,15:11:20,6
2026-04-11,15:11:34,17
2026-04-11,15:11:47,15
2026-04-11,15:11:54,5
2026-04-11,15:12:06,12
2026-04-11,15:12:20,14
2026-04-11,15:12:32,13
2026-04-11,15:12:46,13
2026-04-11,15:13:01,23
2026-04-11,15:13:15,19
2026-04-11,15:13:31,23
2026-04-11,15:13:46,7
2026-04-11,15:17:37,9
2026-04-11,15:17:39,7
2026-04-11,15:17:40,7
2026-04-11,15:17:42,15
2026-04-11,15:17:44,12
2026-04-11,15:17:45,12
2026-04-11,15:17:47,11
2026-04-11,15:17:48,32
2026-04-11,15:18:04,8
2026-04-11,15:18:23,15
2026-04-11,15:18:32,5
2026-04-11,15:18:40,8
2026-04-11,15:18:51,13
2026-04-11,15:19:01,14
2026-04-11,15:19:12,13
2026-04-11,15:19:28,17
2026-04-11,15:19:39,5
2026-04-11,15:20:01,5
2026-04-11,15:20:19,18
2026-04-11,15:20:32,11
2026-04-11,15:20:42,7
2026-04-11,15:20:55,5
2026-04-11,15:21:02,6
2026-04-11,15:21:13,14
2026-04-11,15:21:22,6
2026-04-11,15:21:37,22
2026-04-11,15:22:07,32
2026-04-11,15:22:28,12
2026-04-11,15:22:40,10
2026-04-11,15:22:50,13
2026-04-11,15:23:03,17
2026-04-11,15:55:41,8
2026-04-11,15:55:54,5
2026-04-11,15:56:22,39
2026-04-11,15:56:33,8
2026-04-11,15:56:52,34
2026-04-11,15:57:12,25
2026-04-11,15:57:29,23
2026-04-11,15:57:47,23
2026-04-11,15:58:00,12
2026-04-11,15:58:15,13
2026-04-11,15:58:36,31
2026-04-11,15:59:09,25
2026-04-11,16:44:41,8
2026-04-11,16:46:33,13
2026-04-11,16:46:36,18
2026-04-11,16:47:04,8
2026-04-11,16:47:17,9
2026-04-11,16:47:30,18
2026-04-11,16:47:43,17
2026-04-11,16:47:54,7
2026-04-11,16:48:07,11
2026-04-11,16:48:19,11
2026-04-11,16:48:33,8
2026-04-11,16:48:49,19
2026-04-11,16:48:59,8
2026-04-11,16:49:15,5
2026-04-11,16:49:27,13
2026-04-11,16:49:50,26
2026-04-11,16:50:12,15
2026-04-11,16:50:32,21
2026-04-11,16:50:49,22
2026-04-11,16:51:04,22
2026-04-11,16:51:17,22
2026-04-11,16:51:36,32
2026-04-11,16:51:55,22
2026-04-11,16:52:11,14
2026-04-11,16:52:32,29
2026-04-11,17:21:08,24
2026-04-11,17:22:20,18
2026-04-11,17:22:32,11
2026-04-11,17:22:42,7
2026-04-11,17:23:03,22
2026-04-11,17:23:20,18
2026-04-11,17:23:31,10
2026-04-11,17:23:49,25
2026-04-11,17:24:08,25
2026-04-11,17:24:20,13
2026-04-11,17:24:56,8
2026-04-11,17:25:16,14
2026-04-11,17:25:26,14
2026-04-11,17:25:45,30
2026-04-11,17:25:58,14
2026-04-11,17:26:37,18
2026-04-11,17:26:55,6
2026-04-11,17:27:08,12
2026-04-11,17:27:24,21
2026-04-11,17:27:40,7
2026-04-11,17:27:51,12
2026-04-11,17:28:07,19
2026-04-11,17:28:19,6
2026-04-11,17:28:33,22
2026-04-11,17:28:59,46
2026-04-11,17:32:37,11
2026-04-11,17:32:47,7
2026-04-11,17:33:02,17
2026-04-11,17:33:18,22
2026-04-11,17:33:38,31
2026-04-11,17:34:04,28
2026-04-11,17:34:23,26
2026-04-12,00:21:34,24
2026-04-12,00:22:55,13
2026-04-12,00:23:17,14
2026-04-12,00:23:50,34
2026-04-12,00:24:16,30
2026-04-12,00:24:41,38
2026-04-12,00:25:42,31
2026-04-12,00:26:04,27
2026-04-12,00:26:30,7
2026-04-12,00:26:39,6
2026-04-12,00:26:49,8
2026-04-12,00:27:18,23
2026-04-12,00:27:33,16
2026-04-12,00:27:54,17
2026-04-12,00:28:05,12
2026-04-12,00:28:20,16
2026-04-12,00:28:31,14
2026-04-12,00:29:01,46
2026-04-12,00:29:29,24
2026-04-12,00:29:36,6
2026-04-12,00:29:45,9
2026-04-12,00:30:01,20
2026-04-12,00:30:18,28
2026-04-12,00:30:28,6
2026-04-12,00:30:48,25
2026-04-12,00:31:26,9
2026-04-12,00:31:42,23
2026-04-12,00:31:55,11
2026-04-12,00:32:06,8
2026-04-12,00:32:18,13
2026-04-12,00:32:31,18
2026-04-12,00:32:53,17
2026-04-12,00:33:07,20
2026-04-12,00:33:22,12
2026-04-12,00:33:43,12
2026-04-12,00:33:58,13
2026-04-12,00:34:18,29
2026-04-12,02:12:48,8
2026-04-12,02:13:09,28
2026-04-12,02:13:24,16
2026-04-12,02:13:34,6
2026-04-12,02:13:51,19
2026-04-12,02:14:04,14
2026-04-12,02:14:21,16
2026-04-12,02:14:35,12
2026-04-12,02:14:51,18
2026-04-12,02:15:14,26
2026-04-12,02:20:56,7
2026-04-12,02:20:56,7
2026-04-12,02:21:11,18
2026-04-12,02:21:54,8
2026-04-12,02:21:54,41
2026-04-12,02:22:21,25
2026-04-12,02:53:54,23
2026-04-12,02:54:09,8
2026-04-12,02:54:25,5
2026-04-12,02:54:26,6
2026-04-12,02:54:49,5
2026-04-12,02:54:50,8
2026-04-12,02:54:51,8
2026-04-12,02:55:03,14
2026-04-12,02:55:18,8
2026-04-12,02:55:19,6
2026-04-12,02:55:34,9
2026-04-12,02:55:53,20
2026-04-12,02:59:10,27
2026-04-12,02:59:30,7
2026-04-12,02:59:44,15
2026-04-12,03:01:30,11
2026-04-12,03:01:32,26
2026-04-12,03:03:54,41
2026-04-12,03:11:34,5
2026-04-12,03:11:35,21
2026-04-12,03:11:47,10
2026-04-12,03:12:05,32
2026-04-12,03:12:23,7
2026-04-12,03:12:36,13
2026-04-12,03:13:01,23
2026-04-12,04:17:53,5
2026-04-12,04:17:54,6
2026-04-12,04:18:10,10
2026-04-12,04:18:23,5
2026-04-12,04:18:37,5
2026-04-12,04:18:38,5
2026-04-12,04:18:56,25
2026-04-12,04:19:08,7
2026-04-12,04:19:34,39
2026-04-12,04:19:54,9
2026-04-12,04:20:13,7
2026-04-12,04:20:28,12
2026-04-12,04:20:51,6
2026-04-12,04:20:52,13
2026-04-12,15:11:17,5
2026-04-12,15:17:16,7
2026-04-12,15:17:27,12
2026-04-12,15:17:55,5
2026-04-12,15:17:56,10
2026-04-12,15:18:15,9
2026-04-12,15:18:29,15
2026-04-12,15:18:47,31
2026-04-12,15:19:07,7
2026-04-12,15:19:07,13
2026-04-12,15:19:25,20
2026-04-12,15:19:38,14
2026-04-12,15:19:55,7
2026-04-12,15:20:08,13
2026-04-12,15:20:21,10
2026-04-12,15:20:36,14
2026-04-12,15:20:47,8
2026-04-12,15:20:57,9
2026-04-12,15:21:07,11
2026-04-12,15:21:24,26
2026-04-12,15:21:44,6
2026-04-12,15:22:06,27
2026-04-12,15:22:40,43
2026-04-12,15:23:52,13
2026-04-12,15:24:10,22
2026-04-12,15:25:01,59
2026-04-12,15:25:55,7
2026-04-12,15:26:16,24
2026-04-12,15:26:43,27
2026-04-12,15:27:13,30
2026-04-12,15:27:49,49
2026-04-12,15:28:48,8
2026-04-12,15:29:07,19
2026-04-12,15:29:18,14
2026-04-12,15:29:32,10
2026-04-12,15:29:59,27
2026-04-12,15:30:15,18
2026-04-12,15:30:43,23
2026-04-12,15:31:24,26
2026-04-12,15:31:36,5
2026-04-12,15:32:10,26
2026-04-12,15:32:25,18
2026-04-12,15:32:46,15
2026-04-12,15:33:09,26
2026-04-12,15:33:22,14
2026-04-12,15:33:40,28
2026-04-12,15:34:01,24
2026-04-12,15:34:11,7
2026-04-12,15:34:20,6
2026-04-12,15:34:35,24
2026-04-12,15:35:16,11
2026-04-12,15:35:32,14
2026-04-12,15:36:01,43
2026-04-12,15:36:22,29
2026-04-12,15:36:47,12
2026-04-12,15:37:03,20
2026-04-12,15:37:16,9
2026-04-12,15:37:38,7
2026-04-12,15:37:40,17
2026-04-12,15:38:25,23
2026-04-12,15:38:38,13
2026-04-12,15:38:58,31
2026-04-12,15:39:17,18
2026-04-12,15:43:45,14
2026-04-12,15:56:31,36
2026-04-12,15:57:23,47
2026-04-12,15:59:09,9
2026-04-12,15:59:10,13
2026-04-12,15:59:49,56
2026-04-12,16:00:13,6
2026-04-12,16:00:15,18
2026-04-12,16:01:10,48
2026-04-12,16:01:33,18
2026-04-12,16:02:16,17
2026-04-12,16:02:38,37
2026-04-12,16:02:56,22
2026-04-12,16:03:10,12
2026-04-12,16:03:41,23
